Year,금리
2018,1.5833333333333333
2019,1.5625
2020,0.6666666666666666
2021,0.6458333333333334
2022,2.125
2023,3.5
